Column Name,Description,Data Type
Age,,
Attrition,,
BusinessTravel,,
DailyRate,,
Department,,
DistanceFromHome,,
Education,,
EducationField,,
EmployeeCount,,
EmployeeNumber,,
EnvironmentSatisfaction,,
Gender,,
HourlyRate,,
JobInvolvement,,
JobLevel,,
JobRole,,
JobSatisfaction,,
MaritalStatus,,
MonthlyIncome,,
MonthlyRate,,
NumCompaniesWorked,,
Over18,,
OverTime,,
PercentSalaryHike,,
PerformanceRating,,
RelationshipSatisfaction,,
StandardHours,,
StockOptionLevel,,
TotalWorkingYears,,
TrainingTimesLastYear,,
WorkLifeBalance,,
YearsAtCompany,,
YearsInCurrentRole,,
YearsSinceLastPromotion,,
YearsWithCurrManager,,
SatisfactionIndex,,
TenureBucket,,
WorkBalanceScore,,
IncomeLevel,,
Overworked,,
FeedbackComment,,
WellnessCategory,,
AbsentDaysLastYear,,
LateComingCount,,
WorkedOvertimeDays,,
ExitComment,,
SurveyText,,
EngagementScore,,
PerformanceScore,,
Bonus,,
WellnessProgramParticipation,,
WorkHoursPerWeek,,
ExitReason,,
ManagerPerformance,,
TenureCategory,,
